"Qty";"Value";"Device";"Package";"Parts";"Description";"ARROW_PART_NUMBER";"ARROW_PRICE-STOCK";"AVAILABILITY";"COPYRIGHT";"CREATED_BY";"CTR-MAX";"CTR-MIN";"DATASHEET-URL";"DESCRIPTION";"DIGIKEY_PART_NUMBER";"HEIGHT";"IF";"MANUFACTURER";"MANUFACTURER_NAME";"MANUFACTURER_PART_NUMBER";"MF";"MFR_NAME";"MOUNT";"MOUSER_PART_NUMBER";"MOUSER_PRICE-STOCK";"MP";"MPN";"OC_FARNELL";"OC_NEWARK";"PACKAGE";"PART-NUMBER";"POPULARITY";"PRICE";"PROD_ID";"PURCHASE-URL";"SF_SKU";"SPICEPREFIX";"TC-CTR";"TP_SIGNAL_NAME";"VALUE";"VCE";"VISO";
"1";"";"AB-RTCMC-32.768KHZ-B5ZE-S3-T";"AB-RTCMC-32.768KHZ-B5ZE-S3-T";"RTCC";"";"";"";"";"";"";"";"";"";"";"";"";"";"";"";"";"";"";"";"";"";"";"";"";"";"";"";"";"";"";"";"";"";"";"";"";"";"";
"23";"";"LEDSML0805";"SML0805";"LED1, LED2, LED3, LED4, LED5, LED7, LED8, LED12, LED13, LED14, LED15, LED16, LED17, LED18, LED19, LED20, LED21, LED22, LED23, LED24, LED25, LED26, LED27";"LED";"";"";"";"";"";"";"";"";"";"";"";"";"";"";"";"";"";"";"";"";"";"";"";"";"";"";"17";"";"";"";"";"";"";"";"";"";"";
"3";"";"SCHOTTKY-DIODEAG";"AG";"D9, D10, D11";"Schottky Diode";"";"";"";"";"";"";"";"";"";"";"";"";"";"";"";"";"";"";"";"";"";"";"";"";"";"";"";"";"";"";"";"";"";"";"";"";"";
"3";"0R";"R-EU_R0603";"R0603";"R34, R40, R45";"RESISTOR, European symbol";"";"";"";"";"";"";"";"";"";"";"";"";"";"";"";"";"";"";"";"";"";"";"";"";"";"";"70";"";"";"";"";"R";"";"";"";"";"";
"3";"1.5k";"R-EU_R0603";"R0603";"R32, R38, R43";"RESISTOR, European symbol";"";"";"";"";"";"";"";"";"";"";"";"";"";"";"";"";"";"";"";"";"";"";"";"";"";"";"70";"";"";"";"";"R";"";"";"";"";"";
"6";"100R";"R-EU_R0603";"R0603";"R28, R29, R30, R31, R61, R121";"RESISTOR, European symbol";"";"";"";"";"";"";"";"";"";"";"";"";"";"";"";"";"";"";"";"";"";"";"";"";"";"";"70";"";"";"";"";"R";"";"";"";"";"";
"5";"100R";"R-EU_R0805";"R0805";"R1, R11, R24, R25, R48";"RESISTOR, European symbol";"";"";"";"";"";"";"";"";"";"";"";"";"";"";"";"";"";"";"";"";"";"";"";"";"";"";"86";"";"";"";"";"R";"";"";"";"";"";
"5";"100n";"C-EUC0603";"C0603";"C38, C39, C41, C54, C60";"CAPACITOR, European symbol";"";"";"";"";"";"";"";"";"";"";"";"";"";"";"";"";"";"";"";"";"";"";"";"";"";"";"73";"";"";"";"";"C";"";"";"";"";"";
"7";"100n";"C-EUC0603";"C0603";"C10, C18, C21, C22, C23, C67, C82";"CAPACITOR, European symbol";"";"";"";"";"";"";"";"";"";"";"";"";"";"";"";"";"";"";"";"";"";"";"";"";"";"";"";"";"";"";"";"";"";"";"";"";"";
"1";"100n";"C-EUC1206";"C1206";"C79";"CAPACITOR, European symbol";"";"";"";"";"";"";"";"";"";"";"";"";"";"";"";"";"";"";"";"";"";"";"";"";"";"";"54";"";"";"";"";"C";"";"";"";"";"";
"18";"100nF";"C-EUC0603";"C0603";"C6, C8, C9, C11, C12, C14, C15, C35, C36, C42, C45, C47, C52, C53, C55, C58, C59, C61";"CAPACITOR, European symbol";"";"";"";"";"";"";"";"";"";"";"";"";"";"";"";"";"";"";"";"";"";"";"";"";"";"";"73";"";"";"";"";"C";"";"";"";"";"";
"2";"10R";"R-EU_R0805";"R0805";"R57, R66";"RESISTOR, European symbol";"";"";"";"";"";"";"";"";"";"";"";"";"";"";"";"";"";"";"";"";"";"";"";"";"";"";"86";"";"";"";"";"R";"";"";"";"";"";
"13";"10k";"R-EU_R0603";"R0603";"R33, R39, R44, R49, R90, R111, R112, R113, R114, R115, R116, R117, R118";"RESISTOR, European symbol";"";"";"";"";"";"";"";"";"";"";"";"";"";"";"";"";"";"";"";"";"";"";"";"";"";"";"70";"";"";"";"";"R";"";"";"";"";"";
"4";"10k";"R-EU_R0603";"R0603";"R98, R99, R103, R104";"RESISTOR, European symbol";"";"";"";"";"";"";"";"";"";"";"";"";"";"";"";"";"";"";"";"";"";"";"";"";"";"";"";"";"";"";"";"";"";"";"";"";"";
"9";"10k";"R-EU_R0805";"R0805";"R8, R10, R12, R47, R79, R107, R108, R109, R110";"RESISTOR, European symbol";"";"";"";"";"";"";"";"";"";"";"";"";"";"";"";"";"";"";"";"";"";"";"";"";"";"";"86";"";"";"";"";"R";"";"";"";"";"";
"8";"10n";"C-EUC0603";"C0603";"C1, C4, C73, C74, C75, C76, C77, C78";"CAPACITOR, European symbol";"";"";"";"";"";"";"";"";"";"";"";"";"";"";"";"";"";"";"";"";"";"";"";"";"";"";"73";"";"";"";"";"C";"";"";"";"";"";
"1";"10nF";"C-EUC0603";"C0603";"C44";"CAPACITOR, European symbol";"";"";"";"";"";"";"";"";"";"";"";"";"";"";"";"";"";"";"";"";"";"";"";"";"";"";"73";"";"";"";"";"C";"";"";"";"";"";
"2";"10u 6.3V";"C-EUC1206";"C1206";"C7, C13";"CAPACITOR, European symbol";"";"";"";"";"";"";"";"";"";"";"";"";"";"";"";"";"";"";"";"";"";"";"";"";"";"";"54";"";"";"";"";"C";"";"";"";"";"";
"1";"110k";"R-EU_R0805";"R0805";"R7";"RESISTOR, European symbol";"";"";"";"";"";"";"";"";"";"";"";"";"";"";"";"";"";"";"";"";"";"";"";"";"";"";"86";"";"";"";"";"R";"";"";"";"";"";
"2";"12k";"R-EU_R0805";"R0805";"R73, R74";"RESISTOR, European symbol";"";"";"";"";"";"";"";"";"";"";"";"";"";"";"";"";"";"";"";"";"";"";"";"";"";"";"86";"";"";"";"";"R";"";"";"";"";"";
"16";"130R";"R-EU_R0603";"R0603";"R80, R82, R83, R84, R85, R86, R87, R88, R89, R91, R92, R93, R94, R95, R96, R97";"RESISTOR, European symbol";"";"";"";"";"";"";"";"";"";"";"";"";"";"";"";"";"";"";"";"";"";"";"";"";"";"";"70";"";"";"";"";"R";"";"";"";"";"";
"9";"140357145000";"WL-OCPT_SERIES_357_140357145000";"WL-OCPT_SOP4";"U4, U6, U7, U8, U9, U10, U11, U12, U13";"WL-OCPT SOP-4";"";"";"";"";"";"600%";"50%";"https://www.we-online.com/redexpert/spec/140357145000?ae";"";"";"";"60mA";"";"";"";"";"";"SMT";"";"";"";"";"";"";"";"140357145000";"";"";"";"";"";"";"IF = 5mA,VCE = 5 V";"";"140357145000";"35V";"3750(V(RMS))";
"1";"1M";"R-EU_R0603";"R0603";"R100";"RESISTOR, European symbol";"";"";"";"";"";"";"";"";"";"";"";"";"";"";"";"";"";"";"";"";"";"";"";"";"";"";"";"";"";"";"";"";"";"";"";"";"";
"1";"1M";"R-EU_R0805";"R0805";"R6";"RESISTOR, European symbol";"";"";"";"";"";"";"";"";"";"";"";"";"";"";"";"";"";"";"";"";"";"";"";"";"";"";"86";"";"";"";"";"R";"";"";"";"";"";
"1";"1k";"R-EU_R0603";"R0603";"R27";"RESISTOR, European symbol";"";"";"";"";"";"";"";"";"";"";"";"";"";"";"";"";"";"";"";"";"";"";"";"";"";"";"70";"";"";"";"";"R";"";"";"";"";"";
"10";"1k";"R-EU_R0805";"R0805";"R4, R9, R13, R23, R54, R63, R65, R67, R68, R76";"RESISTOR, European symbol";"";"";"";"";"";"";"";"";"";"";"";"";"";"";"";"";"";"";"";"";"";"";"";"";"";"";"86";"";"";"";"";"R";"";"";"";"";"";
"5";"1u";"C-EUC0603";"C0603";"C37, C63, C64, C65, C66";"CAPACITOR, European symbol";"";"";"";"";"";"";"";"";"";"";"";"";"";"";"";"";"";"";"";"";"";"";"";"";"";"";"73";"";"";"";"";"C";"";"";"";"";"";
"1";"2.2nF 50V";"C-EUC0603";"C0603";"C46";"CAPACITOR, European symbol";"";"";"";"";"";"";"";"";"";"";"";"";"";"";"";"";"";"";"";"";"";"";"";"";"";"";"73";"";"";"";"";"C";"";"";"";"";"";
"8";"200R";"R-EU_R0805";"R0805";"R22, R51, R52, R53, R62, R78, R119, R120";"RESISTOR, European symbol";"";"";"";"";"";"";"";"";"";"";"";"";"";"";"";"";"";"";"";"";"";"";"";"";"";"";"86";"";"";"";"";"R";"";"";"";"";"";
"1";"2112805";"L-EUL2825P";"L2825P";"L3";"INDUCTOR, European symbol";"";"";"";"";"";"";"";"";"";"";"";"";"";"";"";"";"";"";"";"";"";"";"";"";"";"";"";"";"";"";"";"";"";"";"";"";"";
"10";"220R";"R-EU_R0805";"R0805";"R14, R15, R16, R17, R18, R19, R20, R21, R75, R81";"RESISTOR, European symbol";"";"";"";"";"";"";"";"";"";"";"";"";"";"";"";"";"";"";"";"";"";"";"";"";"";"";"86";"";"";"";"";"R";"";"";"";"";"";
"3";"220k";"R-EU_R0603";"R0603";"R2, R3, R42";"RESISTOR, European symbol";"";"";"";"";"";"";"";"";"";"";"";"";"";"";"";"";"";"";"";"";"";"";"";"";"";"";"70";"";"";"";"";"R";"";"";"";"";"";
"3";"220nF";"C-EUC0603";"C0603";"C34, C51, C57";"CAPACITOR, European symbol";"";"";"";"";"";"";"";"";"";"";"";"";"";"";"";"";"";"";"";"";"";"";"";"";"";"";"73";"";"";"";"";"C";"";"";"";"";"";
"4";"220u";"CPOL-EUE2.5-5";"E2,5-5";"C2, C3, C72, C80";"POLARIZED CAPACITOR, European symbol";"";"";"";"";"";"";"";"";"";"";"";"";"";"";"";"";"";"";"";"";"";"";"";"";"";"";"16";"";"";"";"";"C";"";"";"";"";"";
"1";"2N2222A";"BC547-NPN-TO92-CBE";"TO92-CBE";"T2";"NPN Transistror";"";"";"";"";"";"";"";"";"";"";"";"";"";"";"";"";"";"";"";"";"";"";"";"";"";"";"0";"";"";"";"";"";"";"";"";"";"";
"3";"39k";"R-EU_R0603";"R0603";"R35, R41, R46";"RESISTOR, European symbol";"";"";"";"";"";"";"";"";"";"";"";"";"";"";"";"";"";"";"";"";"";"";"";"";"";"";"70";"";"";"";"";"R";"";"";"";"";"";
"1";"3V3";"ZENER-DIODESOD80C";"SOD80C";"D2";"Z-Diode";"";"";"";"";"";"";"";"";"";"";"";"";"";"";"";"";"";"";"";"";"";"";"";"";"";"";"6";"";"";"";"";"";"";"";"";"";"";
"5";"4.7k";"R-EU_R0603";"R0603";"R5, R26, R36, R37, R50";"RESISTOR, European symbol";"";"";"";"";"";"";"";"";"";"";"";"";"";"";"";"";"";"";"";"";"";"";"";"";"";"";"70";"";"";"";"";"R";"";"";"";"";"";
"2";"4.7k";"R-EU_R0603";"R0603";"R105, R106";"RESISTOR, European symbol";"";"";"";"";"";"";"";"";"";"";"";"";"";"";"";"";"";"";"";"";"";"";"";"";"";"";"";"";"";"";"";"";"";"";"";"";"";
"1";"4.7u";"C-EUC0603";"C0603";"C40";"CAPACITOR, European symbol";"";"";"";"";"";"";"";"";"";"";"";"";"";"";"";"";"";"";"";"";"";"";"";"";"";"";"73";"";"";"";"";"C";"";"";"";"";"";
"12";"4.7u";"C-EUC1206";"C1206";"C5, C48, C49, C50, C68, C69, C70, C71, C84, C85, C86, C87";"CAPACITOR, European symbol";"";"";"";"";"";"";"";"";"";"";"";"";"";"";"";"";"";"";"";"";"";"";"";"";"";"";"54";"";"";"";"";"C";"";"";"";"";"";
"3";"4.7uF";"C-EUC0603";"C0603";"C43, C56, C62";"CAPACITOR, European symbol";"";"";"";"";"";"";"";"";"";"";"";"";"";"";"";"";"";"";"";"";"";"";"";"";"";"";"73";"";"";"";"";"C";"";"";"";"";"";
"1";"47u/6V3";"C-EUC1206";"C1206";"C81";"CAPACITOR, European symbol";"";"";"";"";"";"";"";"";"";"";"";"";"";"";"";"";"";"";"";"";"";"";"";"";"";"";"";"";"";"";"";"";"";"";"";"";"";
"2";"500k";"R-EU_R0805";"R0805";"R55, R64";"RESISTOR, European symbol";"";"";"";"";"";"";"";"";"";"";"";"";"";"";"";"";"";"";"";"";"";"";"";"";"";"";"86";"";"";"";"";"R";"";"";"";"";"";
"1";"5K";"R-EU_R0805";"R0805";"R77";"RESISTOR, European symbol";"";"";"";"";"";"";"";"";"";"";"";"";"";"";"";"";"";"";"";"";"";"";"";"";"";"";"86";"";"";"";"";"R";"";"";"";"";"";
"4";"5k";"R-EU_R0805";"R0805";"R69, R70, R71, R72";"RESISTOR, European symbol";"";"";"";"";"";"";"";"";"";"";"";"";"";"";"";"";"";"";"";"";"";"";"";"";"";"";"86";"";"";"";"";"R";"";"";"";"";"";
"1";"6.8V";"DIODE-ZENER-BZT52C3V6S";"SOD-323";"D6";"Zener Diode";"";"";"";"";"";"";"";"";"";"";"";"";"";"";"";"";"";"";"";"";"";"";"";"";"";"";"";"";"DIO-08199";"";"";"";"";"";"3.6V";"";"";
"12";"6.8nF 25V";"C-EUC0603";"C0603";"C19, C20, C24, C25, C26, C27, C28, C29, C30, C31, C32, C33";"CAPACITOR, European symbol";"";"";"";"";"";"";"";"";"";"";"";"";"";"";"";"";"";"";"";"";"";"";"";"";"";"";"73";"";"";"";"";"C";"";"";"";"";"";
"1";"7443641500";"7443641500";"74436413300";"L1";"Wurth WE-HCF Series Shielded Wire-wound SMD Inductor with a MnZn Core, 15 uH +/-15% 30A Idc";"";"";"";"";"";"";"";"";"Wurth WE-HCF Series Shielded Wire-wound SMD Inductor with a MnZn Core, 15 uH +/-15% 30A Idc";"";"15mm";"";"";"Wurth Elektronik";"7443641500";"";"";"";"710-7443641500";"https://www.mouser.co.uk/ProductDetail/Wurth-Elektronik/7443641500?qs=Zt3UNFD9mQgHteqNok2K9A%3D%3D";"";"";"";"";"";"";"";"";"";"";"";"";"";"";"";"";"";
"3";"BAT60J";"BAT60J";"SOD323_ST";"D3, D4, D5";"Schottky barrier diode";"";"";"";"";"";"";"";"";"";"";"";"";"";"";"";"";"";"";"";"";"";"";"";"";"";"";"7";"";"";"";"";"";"";"";"";"";"";
"1";"BLADE MOTOR";"PINHD-1X4";"1X04";"MAIN_MOTOR";"PIN HEADER";"";"";"";"";"";"";"";"";"";"";"";"";"";"";"";"";"";"";"";"";"";"";"";"";"";"";"91";"";"";"";"";"";"";"";"";"";"";
"3";"BM05B-PASS_STANDARD";"BM05B-PASS_STANDARD";"BM05B-PASS";"MCU_0, MCU_1, MCU_2";"";"";"";"";"";"";"";"";"";"";"";"";"";"";"";"";"";"";"";"";"";"";"";"";"";"";"";"";"";"";"";"";"";"";"";"";"";"";
"7";"BSC340N08NS3G";"BSC340N08NS3G";"PG-TDSON-8";"NMOS1, NMOS2, NMOS3, NMOS4, NMOS5, NMOS6, NMOS7";"OptiMOS TM 3 Power-Transistor";"";"";"";"";"";"";"";"";"";"";"";"";"";"";"";"";"";"";"";"";"";"";"";"";"";"";"0";"";"";"";"";"";"";"";"";"";"";
"1";"BUTTONS";"PINHD-1X10";"1X10";"BUTTONS";"PIN HEADER";"";"";"";"";"";"";"";"";"";"";"";"";"";"";"";"";"";"";"";"";"";"";"";"";"";"";"35";"";"";"";"";"";"";"";"";"";"";
"1";"BUZZER-PTH";"BUZZER-PTH";"BUZZER-12MM";"BUZZER";"Buzzer";"";"";"";"";"";"";"";"";"";"";"";"";"";"";"";"";"";"";"";"";"";"";"";"";"";"";"";"";"COMP-08253";"";"COM-07950";"";"";"";"";"";"";
"1";"CP2101";"CP2101";"MLP28";"CP2102";"Single-Chip USB to UART Bridge";"";"";"";"";"";"";"";"";"";"";"";"";"";"";"";"FARNELL";"";"";"";"";"";"CP2102-GM";"9282130";"30K5635";"";"";"0";"";"";"";"";"";"";"";"";"";"";
"1";"CUTOFF SWITCH";"PINHD-1X4";"1X04";"CUTOFF_SWITCH";"PIN HEADER";"";"";"";"";"";"";"";"";"";"";"";"";"";"";"";"";"";"";"";"";"";"";"";"";"";"";"91";"";"";"";"";"";"";"";"";"";"";
"1";"DISPLAY";"PINHD-1X4";"1X04";"DISPLAY";"PIN HEADER";"";"";"";"";"";"";"";"";"";"";"";"";"";"";"";"";"";"";"";"";"";"";"";"";"";"";"91";"";"";"";"";"";"";"";"";"";"";
"1";"EMERGENCY LIGHT";"PINHD-1X2";"1X02";"EM_LIGHT";"PIN HEADER";"";"";"";"";"";"";"";"";"";"";"";"";"";"";"";"";"";"";"";"";"";"";"";"";"";"";"98";"";"";"";"";"";"";"";"";"";"";
"1";"ESP-32S";"ESP-32S";"ESP-32S";"MCU_3_ESP32";"Ai-Thinker ESP-32S  Check availability";"";"";"Not in stock";"";"";"";"";"";" - - Transceiver Module - - Surface Mount ";"";"";"";"";"";"";"Olimex LTD";"";"";"";"";"ESP-32S";"";"";"";"None";"";"";"None";"";"";"";"";"";"";"";"";"";
"1";"ESP32_CAMERA";"PINHD-1X4";"1X04";"CAMERA";"PIN HEADER";"";"";"";"";"";"";"";"";"";"";"";"";"";"";"";"";"";"";"";"";"";"";"";"";"";"";"91";"";"";"";"";"";"";"";"";"";"";
"1";"FAN_0";"PINHD-1X2";"1X02";"FAN_0";"PIN HEADER";"";"";"";"";"";"";"";"";"";"";"";"";"";"";"";"";"";"";"";"";"";"";"";"";"";"";"98";"";"";"";"";"";"";"";"";"";"";
"1";"FAN_1";"PINHD-1X2";"1X02";"FAN_1";"PIN HEADER";"";"";"";"";"";"";"";"";"";"";"";"";"";"";"";"";"";"";"";"";"";"";"";"";"";"";"98";"";"";"";"";"";"";"";"";"";"";
"1";"FAN_2";"PINHD-1X2";"1X02";"FAN_2";"PIN HEADER";"";"";"";"";"";"";"";"";"";"";"";"";"";"";"";"";"";"";"";"";"";"";"";"";"";"";"98";"";"";"";"";"";"";"";"";"";"";
"1";"FAN_3";"PINHD-1X2";"1X02";"FAN_3";"PIN HEADER";"";"";"";"";"";"";"";"";"";"";"";"";"";"";"";"";"";"";"";"";"";"";"";"";"";"";"98";"";"";"";"";"";"";"";"";"";"";
"2";"FDD4141TO252";"FDD4141TO252";"TO252";"Q1, Q8";"P-Channel PowerTrenchÂ® MOSFET";"";"";"";"";"";"";"";"";"";"";"";"";"";"";"";"";"";"";"";"";"";"";"";"";"";"";"3";"";"";"";"";"";"";"";"";"";"";
"1";"FPS009-3000";"FPS009-3000";"FPS009-3000";"X5";"SD Card and MMC Reader (Manual Insertion)";"";"";"";"";"";"";"";"";"";"";"";"";"";"";"";"";"";"";"";"";"";"";"unknown";"unknown";"";"";"";"";"";"";"";"";"";"";"";"";"";
"1";"GPS MODULE";"PINHD-1X5";"1X05";"GPS";"PIN HEADER";"";"";"";"";"";"";"";"";"";"";"";"";"";"";"";"";"";"";"";"";"";"";"";"";"";"";"69";"";"";"";"";"";"";"";"";"";"";
"1";"LIDAR";"PINHD-1X8";"1X08";"LIDAR";"PIN HEADER";"";"";"";"";"";"";"";"";"";"";"";"";"";"";"";"";"";"";"";"";"";"";"";"";"";"";"67";"";"";"";"";"";"";"";"";"";"";
"1";"LIMIT_SWITCH_BOTTOM_MAGNETIC";"PINHD-1X3";"1X03";"LIMIT_SWITCH_DOWN";"PIN HEADER";"";"";"";"";"";"";"";"";"";"";"";"";"";"";"";"";"";"";"";"";"";"";"";"";"";"";"92";"";"";"";"";"";"";"";"";"";"";
"1";"LIMIT_SWITCH_UPPER_MAGNETIC";"PINHD-1X3";"1X03";"LIMIT_SWITCH_UP";"PIN HEADER";"";"";"";"";"";"";"";"";"";"";"";"";"";"";"";"";"";"";"";"";"";"";"";"";"";"";"92";"";"";"";"";"";"";"";"";"";"";
"1";"MAIN SWITCH";"PINHD-1X4";"1X04";"MAIN_SWITCH";"PIN HEADER";"";"";"";"";"";"";"";"";"";"";"";"";"";"";"";"";"";"";"";"";"";"";"";"";"";"";"91";"";"";"";"";"";"";"";"";"";"";
"1";"MICROUSB";"MICROUSB";"MOLEX_47642-0001";"MICROUSB";"Micro-USB B Receptacle, Mid-Mount, with Through Hole Solder Tab, Gold (Au) Flash Plating, without Mylar, Lead-Free Check availability";"";"";"In Stock";"";"";"";"";"";" USB - micro B - Receptacle Connector 5 Position Board Edge, Cutout";" Surface Mount, Right Angle ";"";"";"";"";"";"";"Molex";"";"";"";"";"47642-0001";"";"";"";"None";"";"";"None";"";"https://pricing.snapeda.com/search/part/47642-0001/?ref=eda";"";"";"";"";"";"";
"2";"MOMENTARY-SWITCH-SPST-PTH-6.0MM";"MOMENTARY-SWITCH-SPST-PTH-6.0MM";"TACTILE_SWITCH_PTH_6.0MM";"BOOT, EN";"Momentary Switch (Pushbutton) - SPST";"";"";"";"";"";"";"";"";"";"";"";"";"";"";"";"";"";"";"";"";"";"";"";"";"";"";"";"";" SWCH-08441";"";"COM-00097";"";"";"";"";"";"";
"1";"MOTOR DRIVER UART RX SWITCH";"PINHD-1X3";"1X03";"MCU_1_UART_RX_SWITCH";"PIN HEADER";"";"";"";"";"";"";"";"";"";"";"";"";"";"";"";"";"";"";"";"";"";"";"";"";"";"";"92";"";"";"";"";"";"";"";"";"";"";
"1";"MOTOR DRIVER UART TX SWITCH";"PINHD-1X3";"1X03";"MCU_1_UART_TX_SWITCH";"PIN HEADER";"";"";"";"";"";"";"";"";"";"";"";"";"";"";"";"";"";"";"";"";"";"";"";"";"";"";"92";"";"";"";"";"";"";"";"";"";"";
"6";"MOUNT-PAD-ROUND3.0";"MOUNT-PAD-ROUND3.0";"3,0-PAD";"H1, H2, H3, H4, H5, H6";"MOUNTING PAD, round";"";"";"";"";"";"";"";"";"";"";"";"";"";"";"";"";"";"";"";"";"";"";"";"";"";"";"17";"";"";"";"";"";"";"";"";"";"";
"1";"MP005244 16V 12A";"0ZCF0075AF2C";"FUSE_0ZCF0075AF2C";"PPTC";"PTC Resettable Fuse 0.75A(hold) 1.5A(trip) 60VDC 40A 1.5W 0.3s 0.18Ohm SMD Solder Pad 7.98 X 5.44 X 1.15mm T/R Check availability";"";"";"In Stock";"";"";"";"";"";" 2920 SMT PPTC | 0.75 Ih | 603V ";"";"";"";"";"";"";"Bel Fuse";"";"";"";"";"0ZCF0075AF2C";"";"";"";"2920 Bel Fuse";"";"";"None";"";"https://pricing.snapeda.com/search/part/0ZCF0075AF2C/?ref=eda";"";"";"";"";"";"";"";
"3";"MP6500";"MP6500";"QFN65P500X500X100-25N";"SD1, SD2, SD3";"";"";"";"";"";"";"";"";"";"";"";"";"";"";"";"";"";"";"";"";"";"";"";"";"";"";"";"";"";"";"";"";"";"";"";"";"";"";
"1";"MPU-6050";"MPU-6050";"24-VFQFN";"U5";"IMU ACCEL/GYRO 3-AXIS I2C 24QFN";"";"";"";"";"PCBLayout.com";"";"";"";"";"1428-1007-1-ND";"";"";"TDK InvenSense";"";"";"";"";"";"";"";"";"MPU-6050";"";"";"24-VFQFN";"";"";"";"";"";"";"";"";"";"";"";"";
"1";"PER.WIRE SENSE";"PINHD-1X4";"1X04";"PERIMETER_WIRE";"PIN HEADER";"";"";"";"";"";"";"";"";"";"";"";"";"";"";"";"";"";"";"";"";"";"";"";"";"";"";"91";"";"";"";"";"";"";"";"";"";"";
"1";"PHOTORESISTOR LDR5549";"PINHD-1X2";"1X02";"LIGHT_SENSOR";"PIN HEADER";"";"";"";"";"";"";"";"";"";"";"";"";"";"";"";"";"";"";"";"";"";"";"";"";"";"";"98";"";"";"";"";"";"";"";"";"";"";
"1";"PIC18F47J13-I/PT";"PIC18F47J13-I/PT";"TQFP44_10X10MC_MCH";"U1";"";"";"";"";"Copyright (C) 2022 Ultra Librarian. All rights reserved.";"";"";"";"";"";"";"";"";"";"";"pic18f47j13-i/pt";"";"Microchip";"";"";"";"";"";"";"";"";"";"";"";"";"";"";"";"";"";"";"";"";
"1";"PIC24FJ32GA002-X";"PIC24FJ32GA002-X";"SPDIP28_300MC";"IC1";"";"";"";"";"";"";"";"";"";"";"";"";"";"";"";"";"";"";"";"";"";"";"";"";"";"";"";"";"";"";"";"";"";"";"";"";"";"";
"1";"PIC32MK1024MCM064-I/PTTQFP64_PT_MCH";"PIC32MK1024MCM064-I/PTTQFP64_PT_MCH";"TQFP64_PT_MCH";"U15";"";"";"";"";"Copyright (C) 2022 Ultra Librarian. All rights reserved.";"";"";"";"";"";"";"";"";"";"";"PIC32MK1024MCM064-I/PT";"";"Microchip";"";"";"";"";"";"";"";"";"";"";"";"";"";"";"";"";"";"";"";"";
"1";"RAIN SENSOR";"PINHD-1X2";"1X02";"RAIN_SENSOR";"PIN HEADER";"";"";"";"";"";"";"";"";"";"";"";"";"";"";"";"";"";"";"";"";"";"";"";"";"";"";"98";"";"";"";"";"";"";"";"";"";"";
"1";"RGB_LED";"PINHD-1X4";"1X04";"RGB_LED";"PIN HEADER";"";"";"";"";"";"";"";"";"";"";"";"";"";"";"";"";"";"";"";"";"";"";"";"";"";"";"91";"";"";"";"";"";"";"";"";"";"";
"1";"SMTU2032LF";"SMTU2032LF";"SMTU2032LF";"BATT1";"Battery holder for CR2032";"";"";"";"";"";"";"";"";"";"";"";"";"";"";"";"";"";"";"";"";"";"";"";"";"";"";"";"";"";"";"";"";"";"";"";"";"";
"1";"STEPPER_0";"PINHD-1X4";"1X04";"STEPPER_0";"PIN HEADER";"";"";"";"";"";"";"";"";"";"";"";"";"";"";"";"";"";"";"";"";"";"";"";"";"";"";"91";"";"";"";"";"";"";"";"";"";"";
"1";"STEPPER_1";"PINHD-1X4";"1X04";"STEPPER_1";"PIN HEADER";"";"";"";"";"";"";"";"";"";"";"";"";"";"";"";"";"";"";"";"";"";"";"";"";"";"";"91";"";"";"";"";"";"";"";"";"";"";
"1";"STEPPER_2";"PINHD-1X4";"1X04";"STEPPER_2";"PIN HEADER";"";"";"";"";"";"";"";"";"";"";"";"";"";"";"";"";"";"";"";"";"";"";"";"";"";"";"91";"";"";"";"";"";"";"";"";"";"";
"1";"SUPRESSOR_TVS-UD-SMAJ";"SUPRESSOR_TVS-UD-SMAJ";"SUPRESSOR_SMAJ";"TVS25V";"TVS UNI-DIRECTIONAL";"";"";"";"";"";"";"";"";"";"";"";"";"";"";"";"";"";"";"";"";"";"";"";"";"";"";"";"";"";"";"";"";"";"";"";"";"";
"1";"TELEMETRY_UART";"PINHD-1X2";"1X02";"NAVIGATION_UART";"PIN HEADER";"";"";"";"";"";"";"";"";"";"";"";"";"";"";"";"";"";"";"";"";"";"";"";"";"";"";"98";"";"";"";"";"";"";"";"";"";"";
"1";"TEMP SENSOR 0";"PINHD-1X3";"1X03";"TEMP_SENSOR_0";"PIN HEADER";"";"";"";"";"";"";"";"";"";"";"";"";"";"";"";"";"";"";"";"";"";"";"";"";"";"";"92";"";"";"";"";"";"";"";"";"";"";
"1";"TEMP SENSOR 1";"PINHD-1X3";"1X03";"TEMP_SENSOR_1";"PIN HEADER";"";"";"";"";"";"";"";"";"";"";"";"";"";"";"";"";"";"";"";"";"";"";"";"";"";"";"92";"";"";"";"";"";"";"";"";"";"";
"1";"TEMP SENSOR 2";"PINHD-1X3";"1X03";"TEMP_SENSOR_2";"PIN HEADER";"";"";"";"";"";"";"";"";"";"";"";"";"";"";"";"";"";"";"";"";"";"";"";"";"";"";"92";"";"";"";"";"";"";"";"";"";"";
"1";"TEMP SENSOR 3";"PINHD-1X3";"1X03";"TEMP_SENSOR_3";"PIN HEADER";"";"";"";"";"";"";"";"";"";"";"";"";"";"";"";"";"";"";"";"";"";"";"";"";"";"";"92";"";"";"";"";"";"";"";"";"";"";
"1";"TILT SENSOR";"PINHD-1X2";"1X02";"TILT_SENSOR";"PIN HEADER";"";"";"";"";"";"";"";"";"";"";"";"";"";"";"";"";"";"";"";"";"";"";"";"";"";"";"98";"";"";"";"";"";"";"";"";"";"";
"4";"TLI4971A050T5UE0001XUMA1";"TLI4971A050T5UE0001XUMA1";"IC_TLI4971A050T5UE0001XUMA1";"CURRENT_SENSOR_BATT, MAIN_MOTOR_CS, STEPPER_0_CS, STEPPER_1_CS";"Current Sensor 50A 1 Channel Hall Effect, Open Loop Unidirectional 8-PowerTDFN   Check availability";"";"";"In Stock";"";"";"";"";"";" Current Sensor 50A 1 Channel Hall Effect, Open Loop Unidirectional 8-PowerTDFN ";"";"";"";"";"";"";"Infineon Technologies";"";"";"";"";"TLI4971A050T5UE0001XUMA1";"";"";"";"PowerTDFN-8 Infineon Technologies";"";"";"None";"";"https://pricing.snapeda.com/search/part/TLI4971A050T5UE0001XUMA1/?ref=eda";"";"";"";"";"";"";"";
"26";"TPB1,27";"TPB1,27";"B1,27";"BATT, BATT_POS, CP2102_RX, CP2102_TX, CS_BATT, CS_MAIN_MOT, CS_STEP0, CS_STEP1, GPS_RX, GPS_TX, LIDAR_RX, LIDAR_TX, MCU0_RX, MCU0_TX, MCU1_RX, MCU1_TX, MCU3_RX, MCU3_SCL, MCU3_SDA, MCU3_TX, MPU6050_SCL, MPU6050_SDA, PERIM, TILT, TP2, TP3";"Test pad";"";"";"";"";"";"";"";"";"";"";"";"";"";"";"";"";"";"";"";"";"";"";"";"";"";"";"19";"";"";"";"";"";"";"";"";"";"";
"6";"TSR_1-2433E";"TSR_1-2433E";"CONV_TSR_1-2433E";"3V3_REG0, 3V3_REG1, 3V3_REG2, 3V3_REG3, 5V_REG0, 5V_REG1";"Check availability";"";"";"In Stock";"";"";"";"";"";" 1 Amp POL converter, industrial, 6-36 VDC input, pos.-pos. circuit, cost efficient, LM78 compatible, SIP-3 ";"";"";"";"";"";"";"Traco Power";"";"";"";"";"TSR 1-2433E";"";"";"";"NON-STANDARD-3 Traco Power";"";"";"None";"";"https://pricing.snapeda.com/search/part/TSR 1-2433E/?ref=eda";"";"";"";"";"";"";"";
"1";"V_OUTPUT";"PINHD-1X5";"1X05";"UNLIMITED_POWER";"PIN HEADER";"";"";"";"";"";"";"";"";"";"";"";"";"";"";"";"";"";"";"";"";"";"";"";"";"";"";"69";"";"";"";"";"";"";"";"";"";"";
"2";"XT60-M";"XT60-M";"AMASS_XT60-M";"BATTERY_INPUT, EXTERNAL_INPUT";"DC supply; XT60; male; PIN:2; for cable; soldered; 60A; 500V Check availability";"";"";"In Stock";"";"";"";"";"";" Plug";" DC supply";" XT60";" male";" PIN: 2";" for cable";" soldered";" 30A";" 500V ";"";"";"";"";"";"";"AMASS";"";"";"";"";"XT60-M";"";"";"";"Package ";"";"";"None";"";
"2";"nc";"R-EU_R0603";"R0603";"R101, R102";"RESISTOR, European symbol";"";"";"";"";"";"";"";"";"";"";"";"";"";"";"";"";"";"";"";"";"";"";"";"";"";"";"";"";"";"";"";"";"";"";"";"";"";
